<?xml version="1.0" encoding="UTF-8"?>
<GenRun Id="impl_1" LaunchPart="xc7a35tcpg236-1" LaunchTime="1648005322">
  <File Type="BITSTR-BMM" Name="segtoggle_bd.bmm"/>
  <File Type="OPT-METHODOLOGY-DRC" Name="segtoggle_methodology_drc_opted.rpt"/>
  <File Type="INIT-TIMING" Name="segtoggle_timing_summary_init.rpt"/>
  <File Type="ROUTE-PWR" Name="segtoggle_power_routed.rpt"/>
  <File Type="PA-TCL" Name="segtoggle.tcl"/>
  <File Type="OPT-TIMING" Name="segtoggle_timing_summary_opted.rpt"/>
  <File Type="OPT-DCP" Name="segtoggle_opt.dcp"/>
  <File Type="ROUTE-PWR-SUM" Name="segtoggle_power_summary_routed.pb"/>
  <File Type="REPORTS-TCL" Name="segtoggle_reports.tcl"/>
  <File Type="OPT-DRC" Name="segtoggle_drc_opted.rpt"/>
  <File Type="OPT-HWDEF" Name="segtoggle.hwdef"/>
  <File Type="PWROPT-DCP" Name="segtoggle_pwropt.dcp"/>
  <File Type="PWROPT-DRC" Name="segtoggle_drc_pwropted.rpt"/>
  <File Type="PWROPT-TIMING" Name="segtoggle_timing_summary_pwropted.rpt"/>
  <File Type="PLACE-DCP" Name="segtoggle_placed.dcp"/>
  <File Type="PLACE-IO" Name="segtoggle_io_placed.rpt"/>
  <File Type="PLACE-CLK" Name="segtoggle_clock_utilization_placed.rpt"/>
  <File Type="PLACE-UTIL" Name="segtoggle_utilization_placed.rpt"/>
  <File Type="PLACE-UTIL-PB" Name="segtoggle_utilization_placed.pb"/>
  <File Type="PLACE-CTRL" Name="segtoggle_control_sets_placed.rpt"/>
  <File Type="PLACE-SIMILARITY" Name="segtoggle_incremental_reuse_placed.rpt"/>
  <File Type="PLACE-PRE-SIMILARITY" Name="segtoggle_incremental_reuse_pre_placed.rpt"/>
  <File Type="BG-BGN" Name="segtoggle.bgn"/>
  <File Type="PLACE-TIMING" Name="segtoggle_timing_summary_placed.rpt"/>
  <File Type="POSTPLACE-PWROPT-DCP" Name="segtoggle_postplace_pwropt.dcp"/>
  <File Type="BG-BIN" Name="segtoggle.bin"/>
  <File Type="POSTPLACE-PWROPT-TIMING" Name="segtoggle_timing_summary_postplace_pwropted.rpt"/>
  <File Type="PHYSOPT-DCP" Name="segtoggle_physopt.dcp"/>
  <File Type="PHYSOPT-DRC" Name="segtoggle_drc_physopted.rpt"/>
  <File Type="BITSTR-MSK" Name="segtoggle.msk"/>
  <File Type="PHYSOPT-TIMING" Name="segtoggle_timing_summary_physopted.rpt"/>
  <File Type="ROUTE-ERROR-DCP" Name="segtoggle_routed_error.dcp"/>
  <File Type="ROUTE-DCP" Name="segtoggle_routed.dcp"/>
  <File Type="ROUTE-BLACKBOX-DCP" Name="segtoggle_routed_bb.dcp"/>
  <File Type="ROUTE-DRC" Name="segtoggle_drc_routed.rpt"/>
  <File Type="ROUTE-DRC-PB" Name="segtoggle_drc_routed.pb"/>
  <File Type="BITSTR-LTX" Name="debug_nets.ltx"/>
  <File Type="BITSTR-LTX" Name="segtoggle.ltx"/>
  <File Type="ROUTE-DRC-RPX" Name="segtoggle_drc_routed.rpx"/>
  <File Type="BITSTR-MMI" Name="segtoggle.mmi"/>
  <File Type="ROUTE-METHODOLOGY-DRC" Name="segtoggle_methodology_drc_routed.rpt"/>
  <File Type="ROUTE-METHODOLOGY-DRC-RPX" Name="segtoggle_methodology_drc_routed.rpx"/>
  <File Type="BITSTR-SYSDEF" Name="segtoggle.sysdef"/>
  <File Type="ROUTE-METHODOLOGY-DRC-PB" Name="segtoggle_methodology_drc_routed.pb"/>
  <File Type="ROUTE-PWR-RPX" Name="segtoggle_power_routed.rpx"/>
  <File Type="ROUTE-STATUS" Name="segtoggle_route_status.rpt"/>
  <File Type="ROUTE-STATUS-PB" Name="segtoggle_route_status.pb"/>
  <File Type="ROUTE-TIMINGSUMMARY" Name="segtoggle_timing_summary_routed.rpt"/>
  <File Type="ROUTE-TIMING-PB" Name="segtoggle_timing_summary_routed.pb"/>
  <File Type="ROUTE-TIMING-RPX" Name="segtoggle_timing_summary_routed.rpx"/>
  <File Type="ROUTE-SIMILARITY" Name="segtoggle_incremental_reuse_routed.rpt"/>
  <File Type="ROUTE-CLK" Name="segtoggle_clock_utilization_routed.rpt"/>
  <File Type="ROUTE-BUS-SKEW" Name="segtoggle_bus_skew_routed.rpt"/>
  <File Type="ROUTE-BUS-SKEW-PB" Name="segtoggle_bus_skew_routed.pb"/>
  <File Type="ROUTE-BUS-SKEW-RPX" Name="segtoggle_bus_skew_routed.rpx"/>
  <File Type="POSTROUTE-PHYSOPT-DCP" Name="segtoggle_postroute_physopt.dcp"/>
  <File Type="POSTROUTE-PHYSOPT-BLACKBOX-DCP" Name="segtoggle_postroute_physopt_bb.dcp"/>
  <File Type="POSTROUTE-PHYSOPT-TIMING" Name="segtoggle_timing_summary_postroute_physopted.rpt"/>
  <File Type="POSTROUTE-PHYSOPT-TIMING-PB" Name="segtoggle_timing_summary_postroute_physopted.pb"/>
  <File Type="POSTROUTE-PHYSOPT-TIMING-RPX" Name="segtoggle_timing_summary_postroute_physopted.rpx"/>
  <File Type="POSTROUTE-PHYSOPT-BUS-SKEW" Name="segtoggle_bus_skew_postroute_physopted.rpt"/>
  <File Type="POSTROUTE-PHYSOPT-BUS-SKEW-PB" Name="segtoggle_bus_skew_postroute_physopted.pb"/>
  <File Type="BG-BIT" Name="segtoggle.bit"/>
  <File Type="POSTROUTE-PHYSOPT-BUS-SKEW-RPX" Name="segtoggle_bus_skew_postroute_physopted.rpx"/>
  <File Type="BITSTR-RBT" Name="segtoggle.rbt"/>
  <File Type="BITSTR-NKY" Name="segtoggle.nky"/>
  <File Type="BG-DRC" Name="segtoggle.drc"/>
  <File Type="RDI-RDI" Name="segtoggle.vdi"/>
  <File Type="WBT-USG" Name="usage_statistics_webtalk.html"/>
  <FileSet Name="sources" Type="DesignSrcs" RelSrcDir="$PSRCDIR/sources_1">
    <Filter Type="Srcs"/>
    <File Path="$PPRDIR/segtoggle.v">
      <FileInfo>
        <Attr Name="UsedIn" Val="synthesis"/>
        <Attr Name="UsedIn" Val="implementation"/>
        <Attr Name="UsedIn" Val="simulation"/>
      </FileInfo>
    </File>
    <Config>
      <Option Name="DesignMode" Val="RTL"/>
      <Option Name="TopModule" Val="segtoggle"/>
      <Option Name="TopAutoSet" Val="TRUE"/>
    </Config>
  </FileSet>
  <FileSet Name="constrs_in" Type="Constrs" RelSrcDir="$PSRCDIR/constrs_1">
    <Filter Type="Constrs"/>
    <File Path="$PPRDIR/seqtoggle.xdc">
      <FileInfo>
        <Attr Name="UsedIn" Val="synthesis"/>
        <Attr Name="UsedIn" Val="implementation"/>
      </FileInfo>
    </File>
    <Config>
      <Option Name="ConstrsType" Val="XDC"/>
    </Config>
  </FileSet>
  <FileSet Name="utils" Type="Utils" RelSrcDir="$PSRCDIR/utils_1">
    <Filter Type="Utils"/>
    <Config>
      <Option Name="TopAutoSet" Val="TRUE"/>
    </Config>
  </FileSet>
  <Strategy Version="1" Minor="2">
    <StratHandle Name="Vivado Implementation Defaults" Flow="Vivado Implementation 2018"/>
    <Step Id="init_design"/>
    <Step Id="opt_design"/>
    <Step Id="power_opt_design"/>
    <Step Id="place_design"/>
    <Step Id="post_place_power_opt_design"/>
    <Step Id="phys_opt_design"/>
    <Step Id="route_design"/>
    <Step Id="post_route_phys_opt_design"/>
    <Step Id="write_bitstream"/>
  </Strategy>
</GenRun>
