<?xml version="1.0" encoding="UTF-8"?>
<GenRun Id="impl_1" LaunchPart="xc7a35tcpg236-1" LaunchTime="1648003564">
  <File Type="BITSTR-BMM" Name="vaddoflow_bd.bmm"/>
  <File Type="OPT-METHODOLOGY-DRC" Name="vaddoflow_methodology_drc_opted.rpt"/>
  <File Type="INIT-TIMING" Name="vaddoflow_timing_summary_init.rpt"/>
  <File Type="ROUTE-PWR" Name="vaddoflow_power_routed.rpt"/>
  <File Type="PA-TCL" Name="vaddoflow.tcl"/>
  <File Type="OPT-TIMING" Name="vaddoflow_timing_summary_opted.rpt"/>
  <File Type="OPT-DCP" Name="vaddoflow_opt.dcp"/>
  <File Type="ROUTE-PWR-SUM" Name="vaddoflow_power_summary_routed.pb"/>
  <File Type="REPORTS-TCL" Name="vaddoflow_reports.tcl"/>
  <File Type="OPT-DRC" Name="vaddoflow_drc_opted.rpt"/>
  <File Type="OPT-HWDEF" Name="vaddoflow.hwdef"/>
  <File Type="PWROPT-DCP" Name="vaddoflow_pwropt.dcp"/>
  <File Type="PWROPT-DRC" Name="vaddoflow_drc_pwropted.rpt"/>
  <File Type="PWROPT-TIMING" Name="vaddoflow_timing_summary_pwropted.rpt"/>
  <File Type="PLACE-DCP" Name="vaddoflow_placed.dcp"/>
  <File Type="PLACE-IO" Name="vaddoflow_io_placed.rpt"/>
  <File Type="PLACE-CLK" Name="vaddoflow_clock_utilization_placed.rpt"/>
  <File Type="PLACE-UTIL" Name="vaddoflow_utilization_placed.rpt"/>
  <File Type="PLACE-UTIL-PB" Name="vaddoflow_utilization_placed.pb"/>
  <File Type="PLACE-CTRL" Name="vaddoflow_control_sets_placed.rpt"/>
  <File Type="PLACE-SIMILARITY" Name="vaddoflow_incremental_reuse_placed.rpt"/>
  <File Type="PLACE-PRE-SIMILARITY" Name="vaddoflow_incremental_reuse_pre_placed.rpt"/>
  <File Type="BG-BGN" Name="vaddoflow.bgn"/>
  <File Type="PLACE-TIMING" Name="vaddoflow_timing_summary_placed.rpt"/>
  <File Type="POSTPLACE-PWROPT-DCP" Name="vaddoflow_postplace_pwropt.dcp"/>
  <File Type="BG-BIN" Name="vaddoflow.bin"/>
  <File Type="POSTPLACE-PWROPT-TIMING" Name="vaddoflow_timing_summary_postplace_pwropted.rpt"/>
  <File Type="PHYSOPT-DCP" Name="vaddoflow_physopt.dcp"/>
  <File Type="PHYSOPT-DRC" Name="vaddoflow_drc_physopted.rpt"/>
  <File Type="BITSTR-MSK" Name="vaddoflow.msk"/>
  <File Type="PHYSOPT-TIMING" Name="vaddoflow_timing_summary_physopted.rpt"/>
  <File Type="ROUTE-ERROR-DCP" Name="vaddoflow_routed_error.dcp"/>
  <File Type="ROUTE-DCP" Name="vaddoflow_routed.dcp"/>
  <File Type="ROUTE-BLACKBOX-DCP" Name="vaddoflow_routed_bb.dcp"/>
  <File Type="ROUTE-DRC" Name="vaddoflow_drc_routed.rpt"/>
  <File Type="ROUTE-DRC-PB" Name="vaddoflow_drc_routed.pb"/>
  <File Type="BITSTR-LTX" Name="debug_nets.ltx"/>
  <File Type="BITSTR-LTX" Name="vaddoflow.ltx"/>
  <File Type="ROUTE-DRC-RPX" Name="vaddoflow_drc_routed.rpx"/>
  <File Type="BITSTR-MMI" Name="vaddoflow.mmi"/>
  <File Type="ROUTE-METHODOLOGY-DRC" Name="vaddoflow_methodology_drc_routed.rpt"/>
  <File Type="ROUTE-METHODOLOGY-DRC-RPX" Name="vaddoflow_methodology_drc_routed.rpx"/>
  <File Type="BITSTR-SYSDEF" Name="vaddoflow.sysdef"/>
  <File Type="ROUTE-METHODOLOGY-DRC-PB" Name="vaddoflow_methodology_drc_routed.pb"/>
  <File Type="ROUTE-PWR-RPX" Name="vaddoflow_power_routed.rpx"/>
  <File Type="ROUTE-STATUS" Name="vaddoflow_route_status.rpt"/>
  <File Type="ROUTE-STATUS-PB" Name="vaddoflow_route_status.pb"/>
  <File Type="ROUTE-TIMINGSUMMARY" Name="vaddoflow_timing_summary_routed.rpt"/>
  <File Type="ROUTE-TIMING-PB" Name="vaddoflow_timing_summary_routed.pb"/>
  <File Type="ROUTE-TIMING-RPX" Name="vaddoflow_timing_summary_routed.rpx"/>
  <File Type="ROUTE-SIMILARITY" Name="vaddoflow_incremental_reuse_routed.rpt"/>
  <File Type="ROUTE-CLK" Name="vaddoflow_clock_utilization_routed.rpt"/>
  <File Type="ROUTE-BUS-SKEW" Name="vaddoflow_bus_skew_routed.rpt"/>
  <File Type="ROUTE-BUS-SKEW-PB" Name="vaddoflow_bus_skew_routed.pb"/>
  <File Type="ROUTE-BUS-SKEW-RPX" Name="vaddoflow_bus_skew_routed.rpx"/>
  <File Type="POSTROUTE-PHYSOPT-DCP" Name="vaddoflow_postroute_physopt.dcp"/>
  <File Type="POSTROUTE-PHYSOPT-BLACKBOX-DCP" Name="vaddoflow_postroute_physopt_bb.dcp"/>
  <File Type="POSTROUTE-PHYSOPT-TIMING" Name="vaddoflow_timing_summary_postroute_physopted.rpt"/>
  <File Type="POSTROUTE-PHYSOPT-TIMING-PB" Name="vaddoflow_timing_summary_postroute_physopted.pb"/>
  <File Type="POSTROUTE-PHYSOPT-TIMING-RPX" Name="vaddoflow_timing_summary_postroute_physopted.rpx"/>
  <File Type="POSTROUTE-PHYSOPT-BUS-SKEW" Name="vaddoflow_bus_skew_postroute_physopted.rpt"/>
  <File Type="POSTROUTE-PHYSOPT-BUS-SKEW-PB" Name="vaddoflow_bus_skew_postroute_physopted.pb"/>
  <File Type="BG-BIT" Name="vaddoflow.bit"/>
  <File Type="POSTROUTE-PHYSOPT-BUS-SKEW-RPX" Name="vaddoflow_bus_skew_postroute_physopted.rpx"/>
  <File Type="BITSTR-RBT" Name="vaddoflow.rbt"/>
  <File Type="BITSTR-NKY" Name="vaddoflow.nky"/>
  <File Type="BG-DRC" Name="vaddoflow.drc"/>
  <File Type="RDI-RDI" Name="vaddoflow.vdi"/>
  <File Type="WBT-USG" Name="usage_statistics_webtalk.html"/>
  <FileSet Name="sources" Type="DesignSrcs" RelSrcDir="$PSRCDIR/sources_1">
    <Filter Type="Srcs"/>
    <File Path="$PSRCDIR/sources_1/new/vsevenseg.v">
      <FileInfo>
        <Attr Name="UsedIn" Val="synthesis"/>
        <Attr Name="UsedIn" Val="implementation"/>
        <Attr Name="UsedIn" Val="simulation"/>
      </FileInfo>
    </File>
    <File Path="$PSRCDIR/sources_1/new/vaddoflow.v">
      <FileInfo>
        <Attr Name="UsedIn" Val="synthesis"/>
        <Attr Name="UsedIn" Val="implementation"/>
        <Attr Name="UsedIn" Val="simulation"/>
      </FileInfo>
    </File>
    <Config>
      <Option Name="DesignMode" Val="RTL"/>
      <Option Name="TopModule" Val="vaddoflow"/>
      <Option Name="TopAutoSet" Val="TRUE"/>
    </Config>
  </FileSet>
  <FileSet Name="constrs_in" Type="Constrs" RelSrcDir="$PSRCDIR/constrs_1">
    <Filter Type="Constrs"/>
    <File Path="$PPRDIR/vaddoflow.xdc">
      <FileInfo>
        <Attr Name="UsedIn" Val="synthesis"/>
        <Attr Name="UsedIn" Val="implementation"/>
      </FileInfo>
    </File>
    <Config>
      <Option Name="ConstrsType" Val="XDC"/>
    </Config>
  </FileSet>
  <FileSet Name="utils" Type="Utils" RelSrcDir="$PSRCDIR/utils_1">
    <Filter Type="Utils"/>
    <Config>
      <Option Name="TopAutoSet" Val="TRUE"/>
    </Config>
  </FileSet>
  <Strategy Version="1" Minor="2">
    <StratHandle Name="Vivado Implementation Defaults" Flow="Vivado Implementation 2018">
      <Desc>Default settings for Implementation.</Desc>
    </StratHandle>
    <Step Id="init_design"/>
    <Step Id="opt_design"/>
    <Step Id="power_opt_design"/>
    <Step Id="place_design"/>
    <Step Id="post_place_power_opt_design"/>
    <Step Id="phys_opt_design"/>
    <Step Id="route_design"/>
    <Step Id="post_route_phys_opt_design"/>
    <Step Id="write_bitstream"/>
  </Strategy>
</GenRun>
